id,password,name,email,username
1,P@ssw0rd!,John Smith,example1@gmail.com,jsmith82
2,RandoPass123,Emily Johnson,testuser23@yahoo.com,e.johnson
3,SecurePwd456,Michael Brown,random@email.com,mikebrown7
4,PaSsW0rd2023!,Sarah Anderson,user321@hotmail.com,sanders
5,ABCdef123!,Jessica Miller,emailtest@gmail.com,j.miller
6,P@ssword2023,David Wilson,sampleuser@yahoo.com,dwilson22
7,SecurePass!,Olivia Davis,randomperson@email.com,o.davis
8,MyP@ss123,Christopher Taylor,user456@hotmail.com,chris_t
9,9876pass!,Sophia Thomas,someone@example.com,sophia.th
10,NewP@ss456,Daniel Martinez,email123@test.com,dmartinez
11,R@ndomPw321,Madison White,myuser@email.com,mwhite22
12,P@ssword987,Andrew Garcia,newemail@yahoo.com,andy.g
13,TestPass123!,Chloe Rodriguez,youruser@example.com,chloe_r
14,Secur3P@ss,Ethan Hernandez,sample@email.com,ethan_h
